{"tiny300k": {"MNIST": {"m_in": -3.6221410066345143, "m_out": -25.04813990281145}, "FMNIST": {"m_in": -0.06425946080803513, "m_out": -4.029497296684454}, "SVHN": {"m_in": -5.6758279455275975, "m_out": -12.314754509365386}, "CIFAR10": {"m_in": -9.897121346761168, "m_out": -5.7417982899238105}, "CIFAR100": {"m_in": -14.494251790899472, "m_out": -10.345537705482576}}}