{"tiny300k": {"MNIST": {"lr": 0.06924655529560785, "weight_decay": 4.693777397523642e-05, "lmbd": 0.12460227604632948}, "FMNIST": {"lr": 0.019896059413706375, "weight_decay": 0.0004860165707378765, "lmbd": 0.012899320029779}, "SVHN": {"lr": 0.0031596213430035392, "weight_decay": 0.000282392823990688, "lmbd": 0.022375956547176265}, "CIFAR10": {"lr": 0.005116424956929805, "weight_decay": 0.0001475136526846837, "lmbd": 0.02483992804803868}, "CIFAR100": {"lr": 0.0157514211426705, "weight_decay": 1.8836054722828647e-06, "lmbd": 0.01284636182902612}}}