{"tiny300k": {"CIFAR10": {"lr": 0.073521468094774, "weight_decay": 0.000756918270392302, "lmbd": 1}, "CIFAR100": {"lr": 0.44977216048069785, "weight_decay": 0.0001185940345369287, "lmbd": 1}}}