{"tiny300k": {"MNIST": {"lr": 0.004051377444816296, "weight_decay": 0.0003106420331864751, "lmbd": 0.7968114542211204}, "FMNIST": {"lr": 0.005973914094965705, "weight_decay": 0.0002464394458451754, "lmbd": 0.02565126158536049}, "SVHN": {"lr": 0.02924919014116787, "weight_decay": 2.846362077762975e-06, "lmbd": 0.22348778185837356}, "CIFAR10": {"lr": 0.061191317865966134, "weight_decay": 1.7687786834138128e-06, "lmbd": 0.019556544824142295}, "CIFAR100": {"lr": 0.006289303455206872, "weight_decay": 0.0001141895496583685, "lmbd": 0.02259249191397489}}}